CASE_ID,CLUSTER
2025107105,0
2025107223,3
2025107415,3
2025107411,3
2025107384,0
2025107616,3
2025107681,3
2025107683,3
2025107887,3
2025108058,3
2025108141,3
2025108639,3
2025108668,3
2025108680,3
2025108712,3
2025108754,3
2025108846,3
2025109065,0
2025109120,3
2025109319,3
2025109314,3
2025109337,3
2025109582,0
2025109597,3
2025109656,3
2025109768,3
2025109780,3
2025109800,3
2025109789,3
2025109877,3
2025110087,3
2025110135,3
2025110173,3
2025110480,3
2025110520,3
2025110528,3
2025110674,3
2025110893,3
2025111109,3
2025111193,2
2025111221,2
2025111240,2
2025111271,0
2025111279,2
2025111425,2
2025111522,2
2025111598,2
2025111611,2
2025111648,2
2025111925,2
2025111949,2
2025111947,2
2025112391,2
2025112462,2
2025112514,2
2025112563,2
2025112715,2
2025112798,2
2025112909,2
2025113186,2
2025113314,2
2025113339,2
2025113411,2
2025113679,2
2025113815,2
2025114069,2
2025114155,2
2025114172,2
2025114213,2
2025114280,2
2025114301,2
2025114451,2
2025114571,0
2025114591,0
2025114826,2
2025115055,2
2025115174,2
2025115208,2
2025115284,2
2025115331,2
2025115424,3
2025115548,3
2025115710,3
2025116125,3
2025116212,3
2025116309,3
2025116401,3
2025116404,3
2025116430,3
2025116448,3
2025116510,3
2025116539,3
2025116674,3
2025116718,3
2025116886,3
2025116945,3
2025116994,3
2025117035,3
2025117165,3
2025117242,3
2025117278,3
2025117327,3
2025117375,3
2025117427,3
2025117564,3
2025117633,3
2025117664,3
2025117683,3
2025117684,3
2025117967,3
2025118019,3
2025118105,3
2025118136,3
2025118128,3
2025118367,3
2025118433,3
2025118554,3
2025118614,3
2025118695,3
2025118726,3
2025118766,0
2025118827,3
2025118874,3
2025119059,3
2025119344,0
2025119551,0
2025119921,3
2025120146,3
2025120263,3
2025120272,3
2025120330,3
2025120367,3
2025120498,2
2025120662,2
2025120795,2
2025121033,2
2025121038,2
2025121149,2
2025121148,2
2025121160,2
2025121368,2
2025121456,2
2025121573,2
2025121657,2
2025121655,2
2025121689,2
2025121704,2
2025121779,2
2025121859,2
2025121914,2
2025121934,2
2025122112,2
2025122206,2
2025122248,0
2025122288,2
2025122541,2
2025122682,0
2025122697,0
2025122737,0
2025122890,2
2025123208,2
2025123225,2
2025123229,2
2025123227,2
2025123331,0
2025123474,2
2025123557,2
2025123590,2
2025123610,0
2025123621,2
2025123624,2
2025123740,2
2025123750,2
2025123940,2
2025123944,2
2025123945,0
2025123959,2
2025123989,2
2025123995,2
2025123999,2
2025124098,2
2025124102,2
2025124148,2
2025124166,2
2025124214,2
2025124226,2
2025124284,2
2025124292,0
2025124323,2
2025124360,2
2025124425,2
2025124462,2
2025124563,2
2025124570,2
2025124690,2
2025124771,2
2025124878,2
2025124883,2
2025124917,2
2025124956,2
2025125006,3
2025125010,0
2025125034,3
2025125071,3
2025125094,3
2025125100,3
2025125151,3
2025125346,3
2025125724,3
2025125833,3
2025125857,3
2025125865,3
2025125926,3
2025125940,3
2025126001,3
2025126034,3
2025126061,3
2025126150,3
2025126162,3
2025126178,3
2025126188,3
2025126204,3
2025126217,0
2025126245,0
2025126282,3
2025126293,3
2025126349,3
2025126456,3
2025126460,3
2025126464,3
2025126606,3
2025126647,3
2025126667,0
2025126710,3
2025126731,3
2025126802,3
2025126860,3
2025126903,3
2025127093,3
2025127349,3
2025127452,3
2025127555,3
2025127640,3
2025127686,3
2025127730,3
2025127943,3
2025128168,3
2025128195,3
2025128238,3
2025128299,3
2025128297,3
2025128528,3
2025128550,3
2025128854,3
2025128860,3
2025128978,3
2025129026,3
2025129055,3
2025129084,0
2025129100,0
2025129131,3
2025129206,3
2025129238,3
2025129253,3
2025129438,3
2025129652,3
2025129688,3
2025129755,3
2025130012,0
2025130189,2
2025130246,2
2025130324,0
2025130417,2
2025130435,2
2025130474,2
2025130563,2
2025130644,2
2025130658,2
2025130732,2
2025130726,2
2025130733,2
2025130847,2
2025130854,2
2025130920,2
2025130979,2
2025131046,2
2025131056,2
2025131197,2
2025131350,2
2025131409,2
2025131452,2
2025131515,0
2025131578,2
2025131607,2
2025131723,2
2025131763,0
2025131823,2
2025132250,2
2025132356,2
2025132480,2
2025132510,2
2025132540,0
2025132601,2
2025132701,2
2025132757,2
2025132812,2
2025132814,2
2025132870,2
2025132935,2
2025133030,2
2025133043,2
2025133095,2
2025133244,2
2025133241,2
2025133330,2
2025133502,0
2025133571,2
2025133647,2
2025133679,2
2025133786,2
2025133799,2
2025133794,2
2025133938,2
2025134045,2
2025134080,2
2025134105,2
2025134156,0
2025134314,3
2025134315,3
2025134321,3
2025134394,3
2025134403,3
2025134636,0
2025134665,3
2025134673,3
2025134693,3
2025134811,3
2025134866,3
2025134919,3
2025134951,3
2025135013,3
2025135093,0
2025135142,3
2025135259,3
2025135299,0
2025135391,3
2025135501,0
2025135590,3
2025135608,3
2025135683,0
2025135716,3
2025135728,3
2025135776,3
2025135782,3
2025135864,3
2025135907,3
2025135979,3
2025136205,3
2025136667,3
2025136854,3
2025136929,3
2025136941,3
2025137110,3
2025137124,3
2025137151,3
2025137186,3
2025137308,3
2025137440,3
2025137438,3
2025137850,0
2025137969,0
2025138026,3
2025138120,3
2025138145,0
2025138212,3
2025138218,3
2025138344,3
2025138420,3
2025138480,3
2025138686,3
2025138765,3
2025138935,3
2025138937,3
2025139013,3
2025139125,2
2025139131,2
2025139356,2
2025139384,2
2025139484,2
2025139656,2
2025139712,2
2025139903,2
2025139942,2
2025140116,2
2025140194,2
2025140276,2
2025140286,2
2025140315,2
2025140398,0
2025140651,2
2025140689,2
2025140687,2
2025140772,2
2025140839,2
2025140894,0
2025140970,2
2025141024,2
2025141417,2
2025141442,2
2025141454,0
2025141510,2
2025141563,2
2025141789,0
2025141986,2
2025142012,2
2025142027,2
2025142328,0
2025142347,2
2025142415,0
2025142480,2
2025142710,2
2025142718,2
2025142746,2
2025142828,2
2025142860,2
2025143000,2
2025143005,2
2025143053,2
2025143129,2
2025143195,0
2025143340,2
2025143491,3
2025143806,3
2025143849,3
2025143881,3
2025144018,0
2025144029,3
2025144101,3
2025144106,0
2025144154,3
2025144178,3
2025144252,3
2025144399,3
2025144401,3
2025144422,3
2025144458,3
2025144500,3
2025144530,0
2025144583,3
2025144643,3
2025144863,3
2025144929,3
2025144973,3
2025145136,3
2025145295,3
2025145307,0
2025145464,3
2025145498,3
2025145579,3
2025145793,3
2025145817,3
2025145842,3
2025145910,3
2025146077,0
2025146131,3
2025146200,3
2025146263,3
2025146437,3
2025146494,3
2025146512,3
2025146739,3
2025146746,3
2025147003,3
2025147079,3
2025147208,3
2025147294,3
2025147304,3
2025147364,3
2025147492,3
2025147610,3
2025147890,3
2025148200,0
2025148299,0
2025148385,2
2025148601,2
2025148763,2
2025148989,2
2025149091,2
2025149420,2
2025149486,2
2025149692,2
2025149695,2
2025149832,2
2025149873,2
2025149878,2
2025149947,2
2025149993,2
2025150145,2
2025150151,2
2025150205,2
2025150202,2
2025150350,2
2025150516,2
2025150545,2
2025150614,0
2025150724,2
2025150823,2
2025150844,2
2025150908,2
2025150949,2
2025151036,2
2025151249,2
2025151259,2
2025151313,2
2025151344,2
2025151371,2
2025151479,2
2025151513,2
2025151668,2
2025151684,2
2025151694,2
2025151760,2
2025151838,2
2025151899,2
2025152032,2
2025152054,2
2025152203,2
2025152281,2
2025152289,2
2025152464,2
2025152703,0
2025152712,3
2025152724,3
2025152896,0
2025152945,3
2025153082,3
2025153096,3
2025153127,3
2025153186,3
2025153220,3
2025153269,3
2025153400,0
2025153423,3
2025153493,3
2025153601,3
2025153633,3
2025153703,3
2025153741,3
2025153768,3
2025153824,3
2025153947,3
2025154233,3
2025154326,3
2025154327,3
2025154370,3
2025154444,3
2025154458,3
2025154697,3
2025154801,3
2025154862,3
2025154947,3
2025154975,3
2025155172,3
2025155318,3
2025155446,3
2025155539,3
2025155534,3
2025155546,3
2025155583,3
2025155613,3
2025155637,3
2025155678,3
2025155693,3
2025155735,3
2025155974,3
2025156055,3
2025156411,3
2025156622,3
2025156646,3
2025156689,0
2025156819,3
2025156898,3
2025156902,0
2025156962,3
2025157097,3
2025157225,3
2025157242,3
2025157386,3
2025157521,3
2025157547,3
2025157561,3
2025157636,2
2025157688,2
2025157768,0
2025157769,0
2025157793,2
2025157820,2
2025157823,2
2025157859,2
2025157884,0
2025157923,2
2025157940,2
2025157982,2
2025158070,2
2025158088,2
2025158163,2
2025158172,2
2025158231,2
2025158227,2
2025158247,2
2025158280,2
2025158421,2
2025158461,2
2025158470,0
2025158498,2
2025158506,2
2025158588,2
2025158700,2
2025158734,2
2025158803,2
2025159202,2
2025159392,2
2025159448,2
2025159452,2
2025159506,0
2025159503,2
2025159628,2
2025159624,2
2025159653,2
2025159679,2
2025159718,2
2025160102,2
2025160188,2
2025160296,2
2025160369,2
2025160416,2
2025160477,2
2025160482,0
2025160543,2
2025160660,2
2025160653,2
2025160681,2
2025160718,2
2025160798,2
2025160867,2
2025160881,2
2025160942,2
2025160984,2
2025161024,2
2025161168,2
2025161216,0
2025161239,2
2025161337,2
2025161511,2
2025161539,2
2025161576,2
2025161589,0
2025161611,2
2025161664,2
2025161694,2
2025161707,2
2025161703,2
2025161712,2
2025161944,0
2025161984,2
2025162137,2
2025162156,2
2025162222,3
2025162225,3
2025162247,3
2025162269,3
2025162373,3
2025162967,3
2025163009,3
2025163102,3
2025163119,3
2025163225,3
2025163350,3
2025163352,3
2025163442,3
2025163480,3
2025163638,3
2025163660,3
2025163701,3
2025163743,3
2025163852,0
2025163906,3
2025163987,3
2025164175,3
2025164334,3
2025164368,3
2025164408,0
2025164431,3
2025164459,3
2025164592,3
2025164618,3
2025164755,3
2025164798,3
2025164918,3
2025164998,0
2025165091,3
2025165142,3
2025165271,3
2025165290,3
2025165305,3
2025165432,3
2025165479,0
2025166110,3
2025166291,3
2025166536,3
2025166553,3
2025166565,3
2025166620,3
2025166678,3
2025166756,3
2025166816,3
2025166873,3
2025166884,3
2025166893,0
2025166968,3
2025166994,2
2025167013,3
2025167365,2
2025167548,0
2025167641,2
2025168091,2
2025168161,2
2025168255,2
2025168312,2
2025168366,2
2025168380,2
2025168388,2
2025168502,2
2025168678,0
2025168764,0
2025168763,2
2025168756,2
2025168794,2
2025168863,2
2025168928,2
2025169027,2
2025169032,0
2025169345,2
2025169375,2
2025169499,2
2025169556,2
2025169728,2
2025169759,2
2025169810,0
2025169836,2
2025169843,2
2025169942,0
2025169985,2
2025170096,0
2025170264,2
2025170316,2
2025170509,2
2025170522,2
2025170550,2
2025170692,2
2025170749,2
2025170952,2
2025170963,0
2025171033,2
2025171118,2
2025171194,2
2025171230,0
2025171244,2
2025171543,3
2025171555,3
2025171660,3
2025171670,3
2025171672,3
2025171780,3
2025171854,3
2025171930,3
2025171946,3
2025172067,3
2025172142,3
2025172147,3
2025172175,3
2025172233,3
2025172374,3
2025172480,3
2025172729,3
2025172769,3
2025172880,3
2025172951,0
2025172958,3
2025173011,3
2025173112,3
2025173130,3
2025173152,3
2025173299,3
2025173359,3
2025173477,3
2025173488,3
2025173635,3
2025173647,3
2025173795,3
2025173848,3
2025173869,3
2025173900,3
2025174028,3
2025174215,3
2025174271,3
2025174351,3
2025174394,3
2025174403,3
2025174452,3
2025174504,0
2025174617,3
2025174655,3
2025174712,3
2025174880,0
2025174999,3
2025175063,3
2025175109,3
2025175150,3
2025175162,3
2025175333,3
2025175369,0
2025175491,3
2025175585,3
2025175627,3
2025175706,3
2025175749,3
2025175846,3
2025175942,3
2025175976,3
2025176008,3
2025176200,3
2025176256,3
2025176499,2
2025176643,2
2025176805,2
2025176887,2
2025176913,2
2025176920,2
2025176923,2
2025176939,2
2025176948,0
2025176983,2
2025177234,0
2025177280,2
2025177355,2
2025177394,2
2025177640,2
2025177705,2
2025177904,2
2025178226,2
2025178259,2
2025178272,2
2025178420,2
2025178536,2
2025178575,2
2025178619,2
2025178872,2
2025179020,2
2025179064,2
2025179153,2
2025179318,2
2025179320,2
2025179455,2
2025179569,2
2025179601,2
2025179653,2
2025179658,2
2025179780,2
2025180006,2
2025180123,2
2025180147,2
2025180234,2
2025180258,2
2025180271,2
2025180277,2
2025180545,2
2025180669,2
2025180789,2
2025180995,2
2025181028,2
2025181035,2
2025181115,3
2025181305,3
2025181381,3
2025181468,3
2025181457,3
2025181552,0
2025181568,3
2025181586,3
2025181623,3
2025182184,3
2025182221,3
2025182372,3
2025182450,3
2025182526,3
2025182741,3
2025182762,3
2025182861,3
2025182991,3
2025183115,3
2025183215,3
2025183261,3
2025183398,3
2025183493,0
2025183540,0
2025183624,3
2025184229,3
2025184337,3
2025184579,3
2025184946,3
2025185007,3
2025185166,3
2025185270,3
2025185322,3
2025185346,3
2025185399,3
2025185458,3
2025185519,3
2025185601,3
2025185631,0
2025185649,3
2025185664,3
2025185930,3
2025186010,3
2025186135,3
2025186212,3
2025186321,3
2025186344,2
2025186419,2
2025186459,2
2025186582,2
2025186599,2
2025186755,2
2025186861,2
2025186985,2
2025187031,2
2025187300,2
2025187327,2
2025187565,2
2025187693,2
2025187759,2
2025187853,2
2025187870,2
2025187899,2
2025188159,2
2025188301,2
2025188349,2
2025188520,0
2025188564,2
2025188615,2
2025188746,2
2025188789,2
2025188919,2
2025188999,2
2025189062,2
2025189115,2
2025189219,2
2025189237,2
2025189269,2
2025189319,2
2025189330,2
2025189456,0
2025189583,2
2025189702,2
2025189774,2
2025189816,2
2025189968,2
2025189990,2
2025190150,2
2025190269,2
2025190408,2
2025190458,2
2025190617,2
2025190707,2
2025190781,2
2025190865,2
2025190933,3
2025191055,3
2025191090,0
2025191214,0
2025191434,3
2025191775,3
2025191800,3
2025191813,3
2025191861,3
2025191883,3
2025191966,3
2025191972,3
2025192027,0
2025192067,3
2025192118,3
2025192265,3
2025192335,3
2025192356,3
2025192447,0
2025192569,3
2025192720,0
2025193021,3
2025193095,3
2025193215,3
2025193387,3
2025193482,3
2025193715,3
2025193717,3
2025193749,3
2025193826,0
2025193945,3
2025193990,3
2025194161,3
2025194269,3
2025194283,3
2025194391,3
2025194485,3
2025194681,3
2025194845,3
2025194876,3
2025194907,3
2025194962,3
2025194966,0
2025194992,3
2025195082,0
2025195095,3
2025195243,3
2025195302,3
2025195416,3
2025195441,3
2025195487,3
2025195552,3
2025196185,0
2025196299,2
2025196329,2
2025196399,2
2025196434,2
2025196468,2
2025196535,2
2025196806,2
2025196880,2
2025197042,2
2025197159,2
2025197237,2
2025197240,0
2025197251,2
2025197268,2
2025197272,2
2025197421,2
2025197456,2
2025197592,2
2025197602,2
2025197653,0
2025197973,2
2025198080,2
2025198217,2
2025198231,2
2025198243,2
2025198332,2
2025198366,2
2025198434,0
2025198624,2
2025198680,2
2025198794,2
2025198868,2
2025198874,2
2025198920,0
2025199030,2
2025199048,2
2025199198,2
2025199221,2
2025199378,2
2025199402,2
2025199494,2
2025199569,0
2025199606,2
2025199715,2
2025199984,2
2025200107,2
2025200147,2
2025200314,3
2025200378,3
2025200409,3
2025200535,3
2025200655,3
2025200657,3
2025200716,3
2025200731,0
2025200791,3
2025201101,3
2025201288,3
2025201417,3
2025201454,3
2025201620,3
2025201677,3
2025201674,3
2025201676,3
2025201725,3
2025201995,3
2025202111,3
2025202100,3
2025202143,0
2025202727,3
2025202876,0
2025202958,3
2025203041,3
2025203110,0
2025203316,3
2025203379,3
2025203608,3
2025203731,3
2025203887,3
2025203956,3
2025203976,0
2025204117,3
2025204437,1
2025204529,1
2025204616,1
2025204700,1
2025204790,1
2025204813,0
2025204819,1
2025204853,1
2025204897,0
2025205001,1
2025205123,0
2025205512,1
2025205534,1
2025205571,1
2025205575,1
2025205840,1
2025205914,1
2025205982,1
2025206060,1
2025206069,1
2025206080,1
2025206095,1
2025206190,1
2025206503,1
2025206510,1
2025206644,0
2025206715,1
2025207186,0
2025207571,2
2025207749,2
2025207762,2
2025208283,2
2025208729,0
2025208973,2
2025209037,2
2025209046,2
2025209138,2
2025209121,2
2025209180,2
2025209207,2
2025209196,2
2025209204,2
2025209200,2
2025209294,0
2025209212,2
2025209258,2
2025209234,2
2025209636,2
2025209792,2
2025209822,2
2025209895,2
2025209939,2
2025209947,0
2025209974,2
2025209993,2
2025210024,2
2025210031,2
2025210150,2
2025210230,2
2025210339,2
2025210463,2
2025210521,2
2025210551,3
2025210608,3
2025210729,3
2025210777,3
2025210890,3
2025211494,3
2025211572,3
2025211709,3
2025211958,3
2025211980,3
2025212128,3
2025212199,3
2025212253,3
2025212350,3
2025212366,3
2025212496,3
2025212563,3
2025212694,3
2025212749,3
2025212796,3
2025212825,3
2025212976,3
2025213087,3
2025213130,0
2025213149,3
2025213280,3
2025213298,3
2025213414,3
2025213500,3
2025213605,3
2025213681,3
2025213757,3
2025213869,3
2025213907,3
2025214004,3
2025214144,1
2025214309,1
2025214321,1
2025214396,1
2025214427,0
2025214656,1
2025214734,1
2025214820,1
2025215172,1
2025215357,1
2025215358,1
2025215515,1
2025215558,1
2025215632,0
2025215691,1
2025215752,1
2025215805,1
2025216169,1
2025216776,2
2025216929,2
2025216940,2
2025217067,2
2025217151,2
2025217384,2
2025217511,2
2025217674,2
2025217693,2
2025217748,2
2025217862,2
2025217873,2
2025217898,0
2025217904,2
2025218110,0
2025218146,2
2025218176,2
2025218188,2
2025218410,2
2025218536,2
2025218848,0
2025218959,2
2025218993,2
2025219423,2
2025219440,2
2025219556,2
2025219726,2
2025219900,2
2025220111,0
2025220288,3
2025220460,3
2025220451,3
2025220569,3
2025220689,3
2025220776,3
2025220928,3
2025221045,3
2025221235,3
2025221240,3
2025221344,3
2025221537,3
2025221705,3
2025221780,3
2025222042,3
2025222161,3
2025222171,3
2025222198,3
2025222450,3
2025222570,3
2025223117,3
2025223112,3
2025223133,3
2025223241,0
2025223240,3
2025223271,3
2025223297,3
2025223716,3
2025223756,3
2025223821,3
2025223938,3
2025224067,3
2025224092,3
2025224309,1
2025224465,1
2025224489,1
2025224667,1
2025224812,1
2025224825,1
2025224890,1
2025224954,1
2025225331,1
2025225701,1
2025225726,1
2025225773,1
2025226045,1
2025226056,1
2025226282,1
2025226508,1
2025226518,1
2025226552,1
2025226632,1
2025226936,0
2025227038,2
2025227120,2
2025227435,0
2025227468,2
2025227572,2
2025227974,2
2025228356,0
2025228559,2
2025228643,2
2025228829,2
2025228902,2
2025228919,2
2025228929,2
2025228970,2
2025229045,2
2025229140,2
2025229178,2
2025229200,2
2025229216,2
2025229334,0
2025229344,2
2025229369,2
2025229429,2
2025229599,2
2025229752,2
2025229826,2
2025230077,2
2025230097,2
2025230186,3
2025230184,0
2025230199,3
2025230213,3
2025230515,3
2025230529,3
2025230549,3
2025230564,3
2025230562,3
2025230588,3
2025230664,3
2025230757,3
2025230895,3
2025230942,3
2025231005,3
2025231168,3
2025231700,3
2025231870,3
2025232142,3
2025232267,3
2025232293,0
2025232515,3
2025232582,3
2025232594,3
2025232737,3
2025232811,3
2025232927,3
2025233066,3
2025233100,3
2025233122,3
2025233310,3
2025233751,3
2025233824,3
2025233982,1
2025234097,0
2025234190,1
2025234280,1
2025234420,1
2025234569,1
2025234608,1
2025234580,1
2025234647,1
2025234575,1
2025234589,1
2025234636,1
2025234730,1
2025234681,1
2025234757,1
2025234830,1
2025234866,1
2025235016,1
2025235017,1
2025235055,1
2025235079,1
2025235413,0
2025235512,0
2025235531,1
2025235551,1
2025235635,1
2025235733,0
2025235830,1
2025236092,1
2025236113,1
2025236346,1
2025236400,1
2025236409,1
2025236508,1
2025236683,1
2025236700,1
2025236827,0
2025236825,1
2025236869,0
2025236959,2
2025237004,2
2025237073,2
2025237112,2
2025237176,2
2025237324,2
2025237327,2
2025237351,2
2025237496,2
2025237502,2
2025237722,2
2025237737,2
2025238114,2
2025238154,2
2025238168,2
2025238264,2
2025238349,2
2025238413,2
2025238409,2
2025238590,2
2025238702,2
2025238728,2
2025238791,0
2025238826,2
2025238852,2
2025238979,2
2025239035,2
2025239231,2
2025239234,2
2025239437,2
2025239459,2
2025239554,2
2025239593,2
2025239614,2
2025239811,2
2025239869,2
2025239877,2
2025239909,2
2025239959,2
2025240100,2
2025240120,2
2025240152,2
2025240226,0
2025240344,0
2025240359,3
2025240374,3
2025240380,3
2025240392,3
2025240841,3
2025240977,3
2025241116,3
2025241205,3
2025241465,3
2025241528,3
2025241679,3
2025241722,3
2025241738,3
2025241766,3
2025242245,1
2025242452,1
2025242514,1
2025242534,1
2025242984,0
2025243233,1
2025243456,1
2025243735,1
2025243966,0
2025243988,1
2025244001,1
2025244181,1
2025244166,1
2025244294,1
2025244312,1
2025244355,1
2025244390,1
2025244424,1
2025244714,1
2025244832,1
2025245281,1
2025245697,1
2025245739,1
2025245791,1
2025246066,1
2025246170,1
2025246365,1
2025246380,1
2025246552,1
2025246669,1
2025246746,1
2025246785,1
2025246826,1
2025246961,1
2025247150,1
2025247362,0
2025247571,1
2025247718,1
2025247727,1
2025247722,1
2025248090,1
2025248214,0
2025248223,0
2025248294,1
2025248349,1
2025248381,0
2025248601,1
2025248624,1
2025248872,1
2025249156,1
2025249186,1
2025249312,1
2025249384,1
2025249397,1
2025249501,1
2025249687,1
2025249724,1
2025249848,2
2025250136,3
2025250196,3
2025250310,1
2025250321,0
2025250431,1
2025250483,1
2025250531,1
2025250587,1
2025250606,1
2025250615,1
2025250637,1
2025250744,1
2025250757,0
2025251180,0
2025251254,1
2025251278,1
2025251445,1
2025251580,1
2025251687,1
2025251902,0
2025252275,0
2025252498,1
2025252588,0
2025252849,1
2025252856,0
2025253485,0
2025253688,1
2025253714,1
2025253725,1
2025253757,1
2025254059,1
2025254155,1
2025254163,0
2025254237,1
2025254306,1
2025254630,1
2025254711,1
2025254971,1
2025254989,1
2025255239,1
2025255396,1
2025255558,1
2025255776,1
2025255801,1
2025255855,1
2025256036,1
2025256102,1
2025256188,1
2025256200,1
2025256219,0
2025256372,1
2025256768,1
2025256813,1
2025256881,1
2025257548,1
2025257746,1
2025257882,1
2025257897,1
2025257913,1
2025258174,1
2025258263,0
2025258393,1
2025258531,1
2025258559,1
2025258599,1
2025258729,1
2025258753,1
2025258816,1
2025258915,1
2025258935,1
2025259028,1
2025259138,1
2025259163,1
2025259237,1
2025259263,1
2025259459,2
2025259457,2
2025259461,2
2025259460,2
2025259480,2
2025259492,2
2025259588,2
2025259746,2
2025259903,0
2025259959,3
2025259965,1
2025259970,1
2025260045,1
2025260066,1
2025260060,0
2025260078,1
2025260234,1
2025260717,1
2025260756,1
2025260990,1
2025261235,0
2025261473,1
2025261555,1
2025261663,1
2025261726,0
2025261780,1
2025261837,1
2025261949,0
2025261997,1
2025262002,1
2025262194,1
2025262201,1
2025262315,1
2025262311,1
2025262480,1
2025262531,1
2025262658,1
2025262708,1
2025262837,1
2025262873,1
2025263169,1
2025263219,1
2025263309,0
2025263356,1
2025263501,1
2025263909,1
2025264040,0
2025264278,1
2025264309,1
2025264637,1
2025264668,1
2025264750,1
2025264801,1
2025265024,1
2025265068,1
2025265232,1
2025265270,1
2025265315,1
2025265474,1
2025265559,1
2025265857,1
2025266017,1
2025266048,1
2025266094,1
2025266196,1
2025266231,1
2025266239,1
2025266456,0
2025266747,1
2025266918,1
2025267083,1
2025267081,1
2025267149,0
2025267162,1
2025267318,1
2025267369,1
2025267364,1
2025267382,1
2025267434,0
2025267532,1
2025267591,1
2025267678,1
2025267720,0
2025267761,0
2025268080,1
2025268156,1
2025268234,1
2025268258,1
2025268592,1
2025268997,1
2025269046,1
2025269111,0
2025269185,1
2025269363,1
2025269400,1
2025269419,1
2025269513,1
2025269721,2
2025269777,2
2025269821,2
2025269983,2
2025270713,0
2025271397,1
2025271443,1
2025271475,1
2025271644,1
2025271715,1
2025271713,1
2025271729,1
2025272086,0
2025272408,1
2025272460,0
2025272608,1
2025272865,1
2025272933,0
2025272931,1
2025272983,1
2025273206,1
2025273222,1
2025273310,1
2025273385,1
2025273710,1
2025273724,1
2025273859,1
2025273923,1
2025273908,1
2025274302,1
2025274542,1
2025274700,1
2025274740,1
2025274851,0
2025274892,1
2025275145,1
2025275227,1
2025275266,0
2025275562,1
2025275797,1
2025275887,0
2025275898,1
2025275941,1
2025276051,1
2025276098,1
2025276192,1
2025276211,1
2025276221,1
2025276247,1
2025276263,1
2025276285,1
2025276333,1
2025276576,1
2025276632,1
2025276613,1
2025276658,0
2025276740,0
2025276753,1
2025276817,1
2025276907,1
2025276946,1
2025277070,1
2025277098,1
2025277211,1
2025277338,1
2025277768,1
2025277778,1
2025277798,1
2025277978,1
2025278019,1
2025278051,1
2025278061,1
2025278152,1
2025278205,1
2025278330,1
2025278420,1
2025278600,1
2025278694,1
2025278797,1
2025279090,1
2025279345,1
2025279548,1
2025279614,2
2025279712,2
2025279983,2
2025280071,3
2025280095,3
2025280157,1
2025280165,1
2025280324,1
2025280578,1
2025280691,1
2025280820,1
2025280846,1
2025280996,1
2025281001,1
2025281003,1
2025281087,1
2025281195,1
2025281224,1
2025281369,1
2025281376,1
2025281393,1
2025281525,1
2025281542,0
2025281616,1
2025281608,1
2025282006,1
2025282188,1
2025282250,1
2025282379,1
2025282373,1
2025282427,1
2025282494,1
2025282954,1
2025283062,1
2025283674,1
2025283700,0
2025283936,1
2025284048,1
2025284374,1
2025284389,1
2025284563,1
2025284620,1
2025284822,1
2025285210,1
2025285252,1
2025285268,1
2025285327,1
2025285382,1
2025285483,1
2025285651,1
2025286054,1
2025286716,1
2025287141,1
2025287289,1
2025287304,1
2025287370,1
2025287645,1
2025287675,1
2025287709,1
2025287802,1
2025287795,1
2025287983,1
2025288056,1
2025288342,1
2025288355,1
2025288467,1
2025288530,1
2025288733,0
2025288838,1
2025288843,1
2025288872,1
2025288893,0
2025288903,1
2025288908,1
2025288952,0
2025289095,1
2025289144,1
2025289164,1
2025289343,1
2025289367,1
2025289481,0
2025289519,1
2025289818,1
2025290221,1
2025290267,0
2025290322,1
2025290428,1
2025290901,1
2025290963,1
2025290992,1
2025291136,0
2025291166,1
2025291386,1
2025291472,1
2025291488,1
2025291571,1
2025291605,1
2025291651,1
2025291922,1
2025291931,0
2025292130,1
2025292184,1
2025292195,1
2025292356,1
2025292359,1
2025292388,1
2025292578,1
2025292703,1
2025293172,0
2025293308,1
2025293477,1
2025293514,1
2025293635,0
2025293661,1
2025293690,1
2025294037,1
2025294153,0
2025294839,1
2025295294,1
2025295737,1
2025295943,1
2025296102,1
2025296158,1
2025296217,1
2025296463,1
2025296591,1
2025296607,1
2025297050,1
2025297189,1
2025297261,1
2025297347,1
2025297820,1
2025297873,1
2025297907,1
2025298109,0
2025298156,1
2025298184,1
2025298329,1
2025298334,1
2025298351,1
2025298437,1
2025298560,1
2025298610,1
2025298651,1
2025298837,1
2025298844,1
2025299096,1
2025299265,1
2025299549,1
2025299621,1
2025299736,1
2025299747,1
2025299785,1
2025299821,1
2025299830,0
2025299929,1
2025299976,0
2025300013,1
2025300050,1
2025300089,1
2025300124,1
2025300215,1
2025300269,1
2025300308,1
2025300565,1
2025300681,1
2025300759,0
2025300953,1
2025301006,1
2025301026,1
2025301049,1
2025301054,1
2025301170,1
2025301691,1
2025301727,1
2025301769,1
2025301819,1
2025301874,1
2025302104,1
2025302334,1
2025302385,1
2025302470,1
2025302526,1
2025302583,1
2025302806,1
2025302842,1
2025302879,1
2025302972,1
2025302982,1
2025302997,0
2025303079,1
2025303611,1
2025303692,1
2025303737,1
2025303819,1
2025303918,1
2025304212,1
2025304330,1
2025304637,1
2025304798,1
2025304967,1
2025305215,1
2025305389,1
2025305434,1
2025305604,1
2025305670,1
2025305759,1
2025305871,1
2025305943,0
2025305974,1
2025306070,1
2025306083,1
2025306111,1
2025306317,0
2025306378,1
2025306456,1
2025306495,1
2025306514,0
2025306594,1
2025306626,1
2025306685,1
2025307065,1
2025307092,1
2025307156,1
2025307276,1
2025307358,1
2025307459,1
2025307481,1
2025307488,1
2025307558,1
2025307585,1
2025307704,1
2025307721,1
2025307766,1
2025308298,1
2025308618,1
2025308864,1
2025309035,0
2025309736,1
2025310006,1
2025310025,1
2025310044,1
2025310508,1
2025310646,1
2025310691,1
2025310762,1
2025310974,1
2025311011,1
2025311034,1
2025311039,1
2025311066,1
2025311167,1
2025311202,1
2025311206,1
2025311500,1
2025311534,1
2025311762,1
2025311945,1
2025312214,1
2025312428,1
2025312490,1
2025312685,1
2025312742,1
2025313199,1
2025313213,1
2025313277,1
2025313348,1
2025313464,1
2025313577,1
2025313690,1
2025313830,1
2025313866,1
2025314109,1
2025314419,0
2025314431,1
2025315033,1
2025315222,0
2025315228,1
2025315296,1
2025315365,0
2025315363,1
2025315372,1
2025315495,1
2025315492,1
2025315640,1
2025315797,1
2025316021,1
2025316099,1
2025316132,1
2025316273,1
2025316343,1
2025316517,1
2025316512,1
2025316852,1
2025317127,1
2025317150,1
2025317485,1
2025317503,1
2025317513,0
2025317621,1
2025317659,1
2025317886,1
2025318142,1
2025318464,1
2025318547,1
2025318586,1
2025318615,1
2025318617,0
2025318770,1
2025318939,1
2025318987,1
2025319038,1
2025319047,1
2025319124,1
2025319322,1
2025319810,1
2025319838,1
2025319906,1
2025319920,1
2025319956,1
2025319987,1
2025320058,1
2025320080,1
2025320200,1
2025320271,1
2025320483,1
2025320516,1
2025320971,1
2025321113,1
2025321221,1
2025321216,1
2025321261,1
2025321270,1
2025321329,1
2025321545,1
2025321620,1
2025321664,1
2025321735,1
2025321979,1
2025322217,1
2025322391,1
2025322399,1
2025322513,1
2025322765,1
2025322827,1
2025322902,0
2025322979,1
2025323011,1
2025323027,1
2025323204,1
2025323223,1
2025323318,1
2025323393,1
2025323402,1
2025323411,1
2025323769,1
2025323757,0
2025323831,1
2025323996,1
2025324109,0
2025324171,0
2025324296,1
2025324371,1
2025324547,1
2025324693,1
2025324717,1
2025324804,1
2025324900,1
2025324945,1
2025325093,1
2025325098,1
2025325171,1
2025325360,1
2025325437,1
2025325500,1
2025325512,1
2025325536,0
2025325596,1
2025325661,1
2025325821,1
2025325839,1
2025326021,1
2025326046,1
2025326092,1
2025326198,1
2025326268,1
2025326380,1
2025326497,0
2025326555,1
2025326922,1
